[
    {
        "LastModifiedDate": "2022-08-24T14:00:30.000Z",
        "Phone": "9876767769",
        "Id": "0014x00001HOdo4AAD",
        "type": "Account",
        "Name": "Sankar"
    },
    {
        "LastModifiedDate": "2022-08-22T19:11:02.000Z",
        "Phone": null,
        "Id": "0014x00001CvLKyAAN",
        "type": "Account",
        "Name": "Sample Account for Entitlements"
    },
    {
        "LastModifiedDate": "2022-08-22T19:07:16.000Z",
        "Phone": "(650) 867-3450",
        "Id": "0014x00001H5EGDAA3",
        "type": "Account",
        "Name": "GenePoint"
    },
    {
        "LastModifiedDate": "2022-08-22T19:07:16.000Z",
        "Phone": "+44 191 4956203",
        "Id": "0014x00001H5EGBAA3",
        "type": "Account",
        "Name": "United Oil & Gas, UK"
    },
    {
        "LastModifiedDate": "2022-08-22T19:07:16.000Z",
        "Phone": "(650) 450-8810",
        "Id": "0014x00001H5EGCAA3",
        "type": "Account",
        "Name": "United Oil & Gas, Singapore"
    },
    {
        "LastModifiedDate": "2022-08-22T19:07:16.000Z",
        "Phone": "(512) 757-6000",
        "Id": "0014x00001H5EG3AAN",
        "type": "Account",
        "Name": "Edge Communications"
    },
    {
        "LastModifiedDate": "2022-08-22T19:07:16.000Z",
        "Phone": "(336) 222-7000",
        "Id": "0014x00001H5EG4AAN",
        "type": "Account",
        "Name": "Burlington Textiles Corp of America"
    },
    {
        "LastModifiedDate": "2022-08-22T19:07:16.000Z",
        "Phone": "(014) 427-4427",
        "Id": "0014x00001H5EG5AAN",
        "type": "Account",
        "Name": "Pyramid Construction Inc."
    },
    {
        "LastModifiedDate": "2022-08-22T19:07:16.000Z",
        "Phone": "(785) 241-6200",
        "Id": "0014x00001H5EG6AAN",
        "type": "Account",
        "Name": "Dickenson plc"
    },
    {
        "LastModifiedDate": "2022-08-22T19:07:16.000Z",
        "Phone": "(312) 596-1000",
        "Id": "0014x00001H5EG7AAN",
        "type": "Account",
        "Name": "Grand Hotels & Resorts Ltd"
    },
    {
        "LastModifiedDate": "2022-08-22T19:07:16.000Z",
        "Phone": "(503) 421-7800",
        "Id": "0014x00001H5EG9AAN",
        "type": "Account",
        "Name": "Express Logistics and Transport"
    },
    {
        "LastModifiedDate": "2022-08-22T19:07:16.000Z",
        "Phone": "(520) 773-9050",
        "Id": "0014x00001H5EGAAA3",
        "type": "Account",
        "Name": "University of Arizona"
    },
    {
        "LastModifiedDate": "2022-08-22T19:07:16.000Z",
        "Phone": "(212) 842-5500",
        "Id": "0014x00001H5EG8AAN",
        "type": "Account",
        "Name": "United Oil & Gas Corp."
    },
    {
        "LastModifiedDate": "2022-08-22T19:07:16.000Z",
        "Phone": "(415) 901-7000",
        "Id": "0014x00001H5EGEAA3",
        "type": "Account",
        "Name": "sForce"
    }
]